{"lookback": 30, "lr": 1.4925553314818704e-05, "n_nodes": 30, "n_layers": 2, "dropout_rate": 0.3208800073482733}