{"lookback": 30, "lr": 5.3805180845124416e-05, "n_nodes": 80, "n_layers": 3, "dropout_rate": 0.4192647188637517}